sudo service ssh startjpsJunction_A,52.79936305732484,1256
Junction_D,52.7341873498799,1249
Junction_C,53.534995977473855,1243
Junction_B,52.17571884984026,1252
